{"accuracy": [0.17452135682106018, 0.23564064502716064, 0.2658320963382721, 0.30927833914756775, 0.32695138454437256, 0.3814432919025421, 0.3946980834007263, 0.4013254642486572, 0.42047128081321716, 0.4617083966732025, 0.4374079406261444, 0.45213550329208374, 0.47422680258750916, 0.4882179796695709, 0.5095729231834412, 0.5147275328636169, 0.5250368118286133, 0.5257731676101685, 0.5449190139770508, 0.5022091269493103, 0.5515463948249817, 0.561855673789978, 0.5544918775558472, 0.5868924856185913, 0.5787923336029053, 0.5699558258056641, 0.592783510684967, 0.6185566782951355, 0.584683358669281, 0.6126657128334045, 0.6178203225135803, 0.6038291454315186, 0.6266568303108215, 0.6215022206306458, 0.6325478553771973, 0.638438880443573, 0.6715758442878723, 0.6516936421394348, 0.6561119556427002, 0.6524300575256348, 0.6649484634399414, 0.6701030731201172, 0.6620029211044312, 0.6671575903892517, 0.7017673254013062, 0.6899852752685547, 0.6951398849487305, 0.6877761483192444, 0.6767305135726929, 0.7069219350814819, 0.6767305135726929, 0.6855670213699341, 0.7025036811828613, 0.723122239112854, 0.7245950102806091, 0.7025036811828613, 0.7201767563819885, 0.7393225431442261, 0.7282768487930298, 0.7437407970428467, 0.7297496199607849, 0.7356406450271606, 0.7304860353469849, 0.7400588989257812, 0.7628865838050842, 0.7304860353469849, 0.7349042892456055, 0.7533137202262878, 0.7577319741249084, 0.7547864317893982, 0.7525773048400879, 0.7496318221092224, 0.7746686339378357, 0.7798232436180115, 0.784977912902832, 0.7680412530899048, 0.7967599630355835, 0.7938144207000732, 0.7938144207000732, 0.784977912902832, 0.8195876479148865, 0.7798232436180115, 0.7857142686843872, 0.8144329786300659, 0.8070692420005798, 0.7938144207000732, 0.8100147247314453, 0.8173785209655762, 0.8129602074623108, 0.8269513845443726, 0.822533130645752, 0.8284241557121277, 0.8195876479148865, 0.8350515365600586, 0.8136966228485107, 0.8321060538291931, 0.8446244597434998, 0.8468335866928101, 0.8483063578605652, 0.8365243077278137], "loss": [2.36906361579895, 2.12138032913208, 2.067720651626587, 1.9788410663604736, 1.9201643466949463, 1.8059213161468506, 1.7712526321411133, 1.7019139528274536, 1.671122431755066, 1.5645586252212524, 1.6175134181976318, 1.5885767936706543, 1.5194886922836304, 1.489774227142334, 1.4664344787597656, 1.4146368503570557, 1.3870484828948975, 1.4085804224014282, 1.3816972970962524, 1.4308366775512695, 1.3412272930145264, 1.2847883701324463, 1.3145321607589722, 1.2442431449890137, 1.2160990238189697, 1.2724668979644775, 1.220569133758545, 1.1338579654693604, 1.198966383934021, 1.1321702003479004, 1.063024640083313, 1.1955779790878296, 1.09598708152771, 1.1155675649642944, 1.0649795532226562, 1.0526561737060547, 0.9863682389259338, 1.0212260484695435, 1.019851565361023, 0.9498554468154907, 0.9845547676086426, 0.9867998957633972, 0.9652324318885803, 0.9474857449531555, 0.8956047296524048, 0.948923647403717, 0.8767781257629395, 0.92737877368927, 0.9201896786689758, 0.8627409934997559, 0.9344659447669983, 0.8924353122711182, 0.8865054249763489, 0.8345483541488647, 0.8299819231033325, 0.8815754652023315, 0.8196074962615967, 0.7707871198654175, 0.7830787301063538, 0.7647091746330261, 0.7942328453063965, 0.7480472326278687, 0.761703372001648, 0.7402620315551758, 0.6897097229957581, 0.7439439296722412, 0.7962936758995056, 0.7189686894416809, 0.6727242469787598, 0.7080131769180298, 0.7069991827011108, 0.6969373822212219, 0.6684620380401611, 0.6376826167106628, 0.6262246370315552, 0.6453030109405518, 0.6113570928573608, 0.5691421627998352, 0.6129656434059143, 0.6289055347442627, 0.546745240688324, 0.6649308204650879, 0.6159167289733887, 0.5702173709869385, 0.5680012702941895, 0.6225619316101074, 0.5747407078742981, 0.5400407910346985, 0.5856875777244568, 0.5277627110481262, 0.5130847692489624, 0.5412132740020752, 0.5560418367385864, 0.48370301723480225, 0.5741552710533142, 0.5103247165679932, 0.47772032022476196, 0.49423113465309143, 0.4849230945110321, 0.48914045095443726], "val_accuracy": [0.0773809552192688, 0.130952388048172, 0.1666666716337204, 0.2321428507566452, 0.1607142835855484, 0.1964285671710968, 0.2380952388048172, 0.3333333432674408, 0.2976190447807312, 0.4642857015132904, 0.3571428656578064, 0.4702380895614624, 0.3095238208770752, 0.3511904776096344, 0.3333333432674408, 0.2202380895614624, 0.2261904776096344, 0.2380952388048172, 0.3571428656578064, 0.3333333432674408, 0.5476190447807312, 0.523809552192688, 0.261904776096344, 0.4404761791229248, 0.4107142984867096, 0.4404761791229248, 0.5833333134651184, 0.375, 0.6309523582458496, 0.5178571343421936, 0.511904776096344, 0.5416666865348816, 0.386904776096344, 0.386904776096344, 0.6547619104385376, 0.5833333134651184, 0.5059523582458496, 0.613095223903656, 0.4047619104385376, 0.5357142686843872, 0.5595238208770752, 0.488095223903656, 0.6309523582458496, 0.5952380895614624, 0.4345238208770752, 0.4821428656578064, 0.4226190447807312, 0.625, 0.6190476417541504, 0.6309523582458496, 0.5357142686843872, 0.6904761791229248, 0.625, 0.4464285671710968, 0.4583333432674408, 0.5476190447807312, 0.6071428656578064, 0.6309523582458496, 0.5178571343421936, 0.625, 0.648809552192688, 0.5833333134651184, 0.601190447807312, 0.6845238208770752, 0.648809552192688, 0.5833333134651184, 0.648809552192688, 0.523809552192688, 0.636904776096344, 0.7023809552192688, 0.625, 0.5357142686843872, 0.5059523582458496, 0.6666666865348816, 0.648809552192688, 0.6071428656578064, 0.648809552192688, 0.6190476417541504, 0.601190447807312, 0.6309523582458496, 0.494047611951828, 0.4821428656578064, 0.6190476417541504, 0.5892857313156128, 0.625, 0.6785714030265808, 0.5952380895614624, 0.6428571343421936, 0.636904776096344, 0.6845238208770752, 0.75, 0.5714285969734192, 0.488095223903656, 0.5654761791229248, 0.613095223903656, 0.613095223903656, 0.6785714030265808, 0.7083333134651184, 0.7202380895614624, 0.6726190447807312], "val_loss": [3.3136110305786133, 14.718481063842773, 2.293766736984253, 4.13662052154541, 3.4746317863464355, 2.5494353771209717, 2.127962827682495, 1.864035964012146, 2.621793031692505, 1.5578244924545288, 1.8890858888626099, 1.5821017026901245, 3.848294496536255, 3.065166711807251, 2.067673444747925, 5.636515140533447, 5.255589962005615, 3.4166760444641113, 1.765671730041504, 2.822967767715454, 1.394554615020752, 1.3286463022232056, 3.487626552581787, 1.789524793624878, 2.3539798259735107, 1.8354921340942383, 1.3094457387924194, 4.504960060119629, 1.0725539922714233, 1.5917701721191406, 1.5604380369186401, 1.2746734619140625, 2.5604140758514404, 2.541293144226074, 1.0295771360397339, 1.1909645795822144, 1.5211747884750366, 1.1241228580474854, 2.701629638671875, 1.431883454322815, 1.9890726804733276, 1.5187208652496338, 0.9996041655540466, 1.1427847146987915, 1.8973780870437622, 1.8113409280776978, 1.9370381832122803, 1.1687250137329102, 1.2502256631851196, 1.4753189086914062, 1.656777024269104, 1.0459505319595337, 1.1308845281600952, 2.0763213634490967, 2.824740171432495, 1.560973048210144, 1.1371415853500366, 1.1633926630020142, 1.7926312685012817, 1.4176820516586304, 1.0681766271591187, 1.5704338550567627, 1.2879583835601807, 0.9350511431694031, 1.0512758493423462, 1.7296769618988037, 1.1532068252563477, 2.3024754524230957, 1.0814176797866821, 1.12869393825531, 1.1669070720672607, 1.9529569149017334, 2.0063939094543457, 1.4571287631988525, 1.054502010345459, 1.466012954711914, 1.3236781358718872, 1.605823278427124, 1.7707186937332153, 1.04653000831604, 1.907447099685669, 3.053705930709839, 1.4993692636489868, 1.7934746742248535, 1.5341095924377441, 1.1100505590438843, 1.399429202079773, 1.3226648569107056, 1.0831029415130615, 1.2419975996017456, 0.8794930577278137, 1.7874165773391724, 2.757436752319336, 2.3991758823394775, 1.6014477014541626, 1.8066413402557373, 1.045265555381775, 1.1918108463287354, 0.9951895475387573, 1.2123546600341797]}