{"accuracy": [0.27982327342033386, 0.3880707025527954, 0.43004417419433594, 0.5029454827308655, 0.5493372678756714, 0.6060382723808289, 0.6377025246620178, 0.6266568303108215, 0.6443299055099487, 0.6782032251358032, 0.7047128081321716, 0.7164948582649231, 0.7503681778907776, 0.7260677218437195, 0.7555228471755981, 0.7857142686843872, 0.7916052937507629, 0.7864506840705872, 0.7886598110198975, 0.7893961668014526, 0.7908689379692078, 0.807805597782135, 0.8144329786300659, 0.8321060538291931, 0.8232694864273071, 0.8453608155250549, 0.8460972309112549, 0.8564065098762512, 0.8335787653923035, 0.8556700944900513, 0.8821796774864197, 0.8541973233222961, 0.876288652420044, 0.8807069063186646, 0.8659793734550476, 0.8748158812522888, 0.8888070583343506, 0.8969072103500366, 0.8821796774864197, 0.8880707025527954, 0.8880707025527954, 0.892488956451416, 0.8851251602172852, 0.8807069063186646, 0.8991163372993469, 0.9101620316505432, 0.8799705505371094, 0.9116347432136536, 0.9020618796348572, 0.9131075143814087, 0.9020618796348572, 0.9212076663970947, 0.9101620316505432, 0.9432989954948425, 0.9189985394477844, 0.9175257682800293, 0.9315169453620911, 0.9315169453620911, 0.9226804375648499, 0.9057437181472778, 0.9293078184127808, 0.9094256162643433, 0.9241531491279602, 0.9116347432136536, 0.915316641330719, 0.9425625801086426, 0.9315169453620911, 0.9270986914634705, 0.9396170973777771, 0.9263622760772705, 0.938144326210022, 0.9351988434791565, 0.9396170973777771, 0.9425625801086426, 0.9432989954948425, 0.9550809860229492, 0.9366715550422668, 0.9374079704284668, 0.9219440221786499, 0.9528718590736389, 0.9226804375648499, 0.9425625801086426, 0.9521355032920837, 0.9270986914634705, 0.9440353512763977, 0.9388806819915771, 0.9425625801086426, 0.9491899609565735, 0.9550809860229492, 0.9565537571907043, 0.9440353512763977, 0.9572901129722595, 0.938144326210022, 0.9469808340072632, 0.9521355032920837, 0.9425625801086426, 0.9587628841400146, 0.9683358073234558, 0.9513990879058838, 0.9425625801086426], "loss": [2.240475654602051, 1.8498024940490723, 1.6783759593963623, 1.5243574380874634, 1.3522828817367554, 1.2010942697525024, 1.1307798624038696, 1.1525237560272217, 1.093225359916687, 1.007075309753418, 0.9099898934364319, 0.9102795720100403, 0.7799044251441956, 0.820816159248352, 0.7739500403404236, 0.7107633948326111, 0.6611931920051575, 0.7189621329307556, 0.6863855719566345, 0.6237295866012573, 0.659044623374939, 0.6075634360313416, 0.5861482620239258, 0.5345460176467896, 0.5499545335769653, 0.4722997546195984, 0.48302367329597473, 0.45476603507995605, 0.5402657389640808, 0.46385419368743896, 0.3747991919517517, 0.45175278186798096, 0.3960348665714264, 0.3928341269493103, 0.37495243549346924, 0.3767193555831909, 0.37959250807762146, 0.31293898820877075, 0.3953726291656494, 0.36443454027175903, 0.3458537757396698, 0.35710659623146057, 0.3584408164024353, 0.3590862452983856, 0.3178580701351166, 0.2877584993839264, 0.3762834966182709, 0.2801978290081024, 0.32306644320487976, 0.2568495571613312, 0.2827879786491394, 0.25342172384262085, 0.25791698694229126, 0.19540028274059296, 0.25336557626724243, 0.2692987024784088, 0.2342737913131714, 0.2402711808681488, 0.2610405683517456, 0.2856273055076599, 0.23010383546352386, 0.269286572933197, 0.24444735050201416, 0.2446911484003067, 0.28870198130607605, 0.19649352133274078, 0.23613157868385315, 0.22068047523498535, 0.20855487883090973, 0.21622665226459503, 0.20484814047813416, 0.19830211997032166, 0.18091028928756714, 0.21732008457183838, 0.18051810562610626, 0.14703671634197235, 0.19116993248462677, 0.18164344131946564, 0.24429604411125183, 0.14109568297863007, 0.24150681495666504, 0.17960834503173828, 0.15993371605873108, 0.23448385298252106, 0.20261406898498535, 0.19787226617336273, 0.18291649222373962, 0.149018794298172, 0.15865182876586914, 0.1426595151424408, 0.17285463213920593, 0.11956658959388733, 0.2067379653453827, 0.1759563386440277, 0.15940716862678528, 0.16692011058330536, 0.13674286007881165, 0.1257186084985733, 0.1537635624408722, 0.18910212814807892], "val_accuracy": [0.1011904776096344, 0.1071428582072258, 0.1130952388048172, 0.261904776096344, 0.261904776096344, 0.4047619104385376, 0.4464285671710968, 0.244047611951828, 0.5059523582458496, 0.4702380895614624, 0.5833333134651184, 0.4107142984867096, 0.5773809552192688, 0.5595238208770752, 0.7142857313156128, 0.494047611951828, 0.6309523582458496, 0.648809552192688, 0.648809552192688, 0.7202380895614624, 0.6547619104385376, 0.6428571343421936, 0.380952388048172, 0.7142857313156128, 0.6845238208770752, 0.7202380895614624, 0.6785714030265808, 0.738095223903656, 0.6904761791229248, 0.7559523582458496, 0.75, 0.738095223903656, 0.648809552192688, 0.6666666865348816, 0.7559523582458496, 0.6607142686843872, 0.6607142686843872, 0.5773809552192688, 0.738095223903656, 0.7023809552192688, 0.7321428656578064, 0.726190447807312, 0.6071428656578064, 0.613095223903656, 0.6904761791229248, 0.7321428656578064, 0.5833333134651184, 0.6845238208770752, 0.7559523582458496, 0.511904776096344, 0.7440476417541504, 0.75, 0.7083333134651184, 0.7678571343421936, 0.7559523582458496, 0.5952380895614624, 0.7559523582458496, 0.7321428656578064, 0.6547619104385376, 0.6964285969734192, 0.5833333134651184, 0.8154761791229248, 0.8214285969734192, 0.6964285969734192, 0.7857142686843872, 0.7083333134651184, 0.625, 0.7202380895614624, 0.648809552192688, 0.7202380895614624, 0.738095223903656, 0.6726190447807312, 0.7678571343421936, 0.7678571343421936, 0.773809552192688, 0.75, 0.8214285969734192, 0.75, 0.7916666865348816, 0.6904761791229248, 0.7678571343421936, 0.7678571343421936, 0.7857142686843872, 0.7678571343421936, 0.8333333134651184, 0.7916666865348816, 0.7797619104385376, 0.7797619104385376, 0.7142857313156128, 0.773809552192688, 0.6964285969734192, 0.726190447807312, 0.6964285969734192, 0.7321428656578064, 0.7976190447807312, 0.7857142686843872, 0.761904776096344, 0.7857142686843872, 0.738095223903656, 0.6845238208770752], "val_loss": [2001.4434814453125, 27.767744064331055, 17.93611717224121, 2.611614942550659, 4.4335126876831055, 2.1580982208251953, 1.6163240671157837, 5.567015647888184, 1.6205804347991943, 2.2015247344970703, 1.381098747253418, 3.155949831008911, 1.3850561380386353, 1.7821887731552124, 1.004198670387268, 2.1519832611083984, 1.9921385049819946, 1.2790577411651611, 1.190263032913208, 0.965516209602356, 1.2439746856689453, 1.190305471420288, 2.66668963432312, 1.1437222957611084, 1.1393632888793945, 0.847510576248169, 1.4406622648239136, 1.086612582206726, 0.9408003687858582, 1.1204744577407837, 1.0368913412094116, 1.135602355003357, 1.1348049640655518, 1.5210036039352417, 0.985450267791748, 1.618024230003357, 1.9218482971191406, 2.4298298358917236, 0.915601909160614, 1.1230852603912354, 0.947184145450592, 1.0272562503814697, 1.6604167222976685, 1.7276229858398438, 1.3328367471694946, 1.3553714752197266, 1.988800048828125, 1.3400452136993408, 0.9558535814285278, 3.0162739753723145, 0.9891733527183533, 1.0240228176116943, 1.4741501808166504, 1.0252423286437988, 1.1326426267623901, 1.6861058473587036, 1.2167521715164185, 1.173298954963684, 2.335859775543213, 1.203778624534607, 2.898770332336426, 0.9388295412063599, 0.6486325860023499, 1.3517934083938599, 0.8610919117927551, 1.1778371334075928, 1.5032719373703003, 1.6492438316345215, 2.700239658355713, 1.4172991514205933, 1.36092209815979, 1.6458115577697754, 0.9414044618606567, 1.1239348649978638, 1.0896239280700684, 1.1400150060653687, 0.8985838890075684, 1.568509578704834, 0.9352020025253296, 1.7108012437820435, 0.8387109637260437, 1.1222783327102661, 0.9834272265434265, 1.0804917812347412, 0.8020405769348145, 0.9522096514701843, 1.0543627738952637, 0.9465229511260986, 1.3470531702041626, 1.066831111907959, 1.719526767730713, 1.291429042816162, 1.6600122451782227, 1.355425238609314, 1.0129504203796387, 1.0085035562515259, 1.2143861055374146, 0.8487158417701721, 1.4878953695297241, 1.3478987216949463]}